DiscoveRx Gene Symbol,Entrez Gene Symbol,Percent Control (1081),Percent Control (1285),Compound Concentration (nM)
AAK1,AAK1,6.2,74,100
ABL2,ABL2,72,100,100
ACVR1,ACVR1,43,100,100
ACVR1B,ACVR1B,82,100,100
ACVR2A,ACVR2A,100,100,100
ACVR2B,ACVR2B,100,96,100
ACVRL1,ACVRL1,89,100,100
ADCK3,CABC1,93,98,100
ADCK4,ADCK4,86,100,100
AKT1,AKT1,97,100,100
AKT2,AKT2,89,100,100
AKT3,AKT3,100,100,100
AMPK-alpha1,PRKAA1,46,100,100
AMPK-alpha2,PRKAA2,69,100,100
ANKK1,ANKK1,38,93,100
ARK5,NUAK1,18,100,100
ASK1,MAP3K5,90,100,100
ASK2,MAP3K6,34,100,100
AURKA,AURKA,6.6,90,100
AURKB,AURKB,0.65,100,100
AURKC,AURKC,67,100,100
AXL,AXL,2.5,94,100
BIKE,BMP2K,61,100,100
BLK,BLK,0.6,100,100
BMPR1A,BMPR1A,87,100,100
BMPR1B,BMPR1B,0,99,100
BMPR2,BMPR2,53,89,100
BMX,BMX,49,100,100
BRK,PTK6,100,95,100
BRSK1,BRSK1,67,100,100
BRSK2,BRSK2,100,94,100
BTK,BTK,20,100,100
BUB1,BUB1,0.05,73,100
CAMK1,CAMK1,81,100,100
CAMK1B,PNCK,60,100,100
CAMK1D,CAMK1D,69,100,100
CAMK1G,CAMK1G,62,100,100
CAMK2A,CAMK2A,74,100,100
CAMK2B,CAMK2B,100,100,100
CAMK2D,CAMK2D,83,100,100
CAMK2G,CAMK2G,83,100,100
CAMK4,CAMK4,100,99,100
CAMKK1,CAMKK1,1.5,100,100
CAMKK2,CAMKK2,1.8,100,100
CASK,CASK,62,100,100
CDC2L1,CDK11B,16,100,100
CDC2L2,CDC2L2,11,100,100
CDC2L5,CDK13,31,96,100
CDK11,CDK19,100,99,100
CDK2,CDK2,29,100,100
CDK3,CDK3,5.7,100,100
CDK5,CDK5,71,100,100
CDK7,CDK7,0.05,59,100
CDK8,CDK8,100,100,100
CDK9,CDK9,11,100,100
CDKL1,CDKL1,3.6,91,100
CDKL2,CDKL2,0.15,100,100
CDKL3,CDKL3,1.5,100,100
CDKL5,CDKL5,1.6,100,100
CHEK1,CHEK1,100,100,100
CHEK2,CHEK2,2.9,100,100
CIT,CIT,1.3,93,100
CLK1,CLK1,1.4,12,100
CLK2,CLK2,4.3,19,100
CLK3,CLK3,7.2,84,100
CLK4,CLK4,0.9,7.7,100
CSK,CSK,55,100,100
CSNK1A1,CSNK1A1,6.4,92,100
CSNK1A1L,CSNK1A1L,100,96,100
CSNK1D,CSNK1D,65,100,100
CSNK1E,CSNK1E,100,100,100
CSNK1G1,CSNK1G1,33,100,100
CSNK1G2,CSNK1G2,79,100,100
CSNK1G3,CSNK1G3,88,80,100
CSNK2A1,CSNK2A1,0.8,92,100
CSNK2A2,CSNK2A2,0,76,100
CTK,MATK,42,100,100
DAPK1,DAPK1,0.1,100,100
DAPK2,DAPK2,4.1,100,100
DAPK3,DAPK3,1.8,100,100
DCAMKL1,DCLK1,40,100,100
DCAMKL2,DCLK2,91,100,100
DCAMKL3,DCLK3,0.7,100,100
DDR1,DDR1,75,100,100
DDR2,DDR2,13,96,100
DLK,MAP3K12,5.7,100,100
DMPK,DMPK,91,100,100
DMPK2,CDC42BPG,89,100,100
DRAK1,STK17A,2.3,100,100
DRAK2,STK17B,1.6,100,100
DYRK1A,DYRK1A,0,0.1,100
DYRK1B,DYRK1B,0.75,7.8,100
DYRK2,DYRK2,0,52,100
EIF2AK1,EIF2AK1,100,100,100
EPHA1,EPHA1,32,100,100
EPHA2,EPHA2,84,100,100
EPHA3,EPHA3,0.65,97,100
EPHA4,EPHA4,85,94,100
EPHA5,EPHA5,63,100,100
EPHA6,EPHA6,81,100,100
EPHA7,EPHA7,47,100,100
EPHA8,EPHA8,66,91,100
EPHB1,EPHB1,100,100,100
EPHB2,EPHB2,54,85,100
EPHB3,EPHB3,96,100,100
EPHB4,EPHB4,99,100,100
EPHB6,EPHB6,0,76,100
ERBB2,ERBB2,100,99,100
ERBB3,ERBB3,18,86,100
ERBB4,ERBB4,91,100,100
ERK1,MAPK3,98,100,100
ERK2,MAPK1,94,100,100
ERK3,MAPK6,84,100,100
ERK4,MAPK4,100,100,100
ERK5,MAPK7,41,88,100
ERK8,MAPK15,0.95,83,100
ERN1,ERN1,20,100,100
FAK,PTK2,92,100,100
FER,FER,28,94,100
FES,FES,93,100,100
FGFR1,FGFR1,93,100,100
FGFR2,FGFR2,87,100,100
FGFR4,FGFR4,100,100,100
FGR,FGR,34,88,100
FLT1,FLT1,100,100,100
FLT4,FLT4,43,100,100
FRK,FRK,90,100,100
FYN,FYN,52,99,100
GAK,GAK,1.9,64,100
"GCN2(Kin.Dom.2,S808G)",EIF2AK4,67,62,100
GRK1,GRK1,5.5,69,100
GRK2,ADRBK1,74,100,100
GRK3,ADRBK2,100,100,100
GRK4,GRK4,100,73,100
GRK7,GRK7,0.15,100,100
GSK3A,GSK3A,5.3,100,100
GSK3B,GSK3B,1.1,93,100
HASPIN,GSG2,1.2,0.4,100
HCK,HCK,3.6,100,100
HIPK1,HIPK1,0.05,84,100
HIPK2,HIPK2,0.1,78,100
HIPK3,HIPK3,0.45,100,100
HIPK4,HIPK4,5.4,100,100
HPK1,MAP4K1,28,76,100
HUNK,HUNK,100,100,100
ICK,ICK,4.6,100,100
IGF1R,IGF1R,99,100,100
IKK-alpha,CHUK,15,100,100
IKK-beta,IKBKB,22,100,100
IKK-epsilon,IKBKE,0,98,100
INSR,INSR,82,100,100
INSRR,INSRR,91,100,100
IRAK1,IRAK1,3.1,29,100
IRAK3,IRAK3,30,26,100
IRAK4,IRAK4,1.2,42,100
ITK,ITK,97,100,100
JAK2(JH1domain-catalytic),JAK2,0.25,72,100
JAK3(JH1domain-catalytic),JAK3,0,100,100
JNK1,MAPK8,0,94,100
JNK2,MAPK9,5.3,100,100
JNK3,MAPK10,0.1,100,100
LATS1,LATS1,87,100,100
LATS2,LATS2,0,100,100
LCK,LCK,0.15,99,100
LIMK1,LIMK1,96,100,100
LIMK2,LIMK2,99,100,100
LKB1,STK11,100,100,100
LOK,STK10,0.05,100,100
LTK,LTK,15,97,100
LYN,LYN,27,95,100
LZK,MAP3K13,14,65,100
MAK,MAK,69,100,100
MAP3K1,MAP3K1,96,85,100
MAP3K15,MAP3K15,0.55,100,100
MAP3K2,MAP3K2,2.3,100,100
MAP3K3,MAP3K3,0.05,100,100
MAP3K4,MAP3K4,97,100,100
MAP4K2,MAP4K2,0,19,100
MAP4K3,MAP4K3,31,97,100
MAP4K4,MAP4K4,25,78,100
MAP4K5,MAP4K5,12,100,100
MAPKAPK2,MAPKAPK2,41,99,100
MAPKAPK5,MAPKAPK5,92,100,100
MARK1,MARK1,87,97,100
MARK2,MARK2,26,97,100
MARK3,MARK3,75,100,100
MARK4,MARK4,99,92,100
MAST1,MAST1,0,100,100
MEK1,MAP2K1,1.7,100,100
MEK2,MAP2K2,1.7,96,100
MEK3,MAP2K3,1.3,100,100
MEK4,MAP2K4,16,100,100
MEK5,MAP2K5,0,1.9,100
MEK6,MAP2K6,24,98,100
MELK,MELK,6.2,60,100
MERTK,MERTK,14,100,100
MINK,MINK1,3.1,46,100
MKK7,MAP2K7,0.15,100,100
MKNK1,MKNK1,92,98,100
MKNK2,MKNK2,71,82,100
MLCK,MYLK3,66,100,100
MLK1,MAP3K9,49,100,100
MLK2,MAP3K10,49,100,100
MLK3,MAP3K11,13,100,100
MRCKA,CDC42BPA,93,100,100
MRCKB,CDC42BPB,92,100,100
MST1,STK4,20,100,100
MST1R,MST1R,50,100,100
MST2,STK3,9.7,88,100
MST3,STK24,15,100,100
MST4,MST4,8.6,100,100
MTOR,MTOR,36,96,100
MUSK,MUSK,96,100,100
MYLK,MYLK,0,90,100
MYLK2,MYLK2,86,100,100
MYLK4,MYLK4,24,100,100
MYO3A,MYO3A,76,100,100
MYO3B,MYO3B,84,100,100
NDR1,STK38,57,85,100
NDR2,STK38L,63,94,100
NEK1,NEK1,100,100,100
NEK10,NEK10,46,100,100
NEK11,NEK11,100,100,100
NEK2,NEK2,99,81,100
NEK3,NEK3,96,55,100
NEK4,NEK4,100,100,100
NEK5,NEK5,90,100,100
NEK6,NEK6,93,100,100
NEK7,NEK7,99,96,100
NEK9,NEK9,100,100,100
NIK,MAP3K14,100,100,100
NIM1,MGC42105,100,96,100
NLK,NLK,7.8,99,100
OSR1,OXSR1,95,100,100
p38-alpha,MAPK14,85,95,100
p38-beta,MAPK11,84,100,100
p38-delta,MAPK13,86,100,100
p38-gamma,MAPK12,0,100,100
PAK1,PAK1,86,99,100
PAK2,PAK2,50,84,100
PAK3,PAK3,7.8,95,100
PAK4,PAK4,4.3,84,100
PAK6,PAK6,54,100,100
PAK7,PAK7,8.2,70,100
PCTK1,CDK16,0.2,98,100
PCTK2,CDK17,24,100,100
PCTK3,CDK18,43,100,100
PDGFRA,PDGFRA,0.15,18,100
PDGFRB,PDGFRB,0.05,25,100
PDPK1,PDPK1,53,100,100
PFCDPK1(P.falciparum),CDPK1,0,96,100
PFPK5(P.falciparum),MAL13P1.279,100,99,100
PFTAIRE2,CDK15,42,100,100
PFTK1,CDK14,49,100,100
PHKG1,PHKG1,4.9,86,100
PHKG2,PHKG2,4.9,89,100
PIK3C2B,PIK3C2B,0.45,100,100
PIK3C2G,PIK3C2G,0.1,75,100
PIK3CB,PIK3CB,1.6,100,100
PIK3CD,PIK3CD,31,82,100
PIK3CG,PIK3CG,0.85,97,100
PIK4CB,PI4KB,0,100,100
PIKFYVE,PIKFYVE,15,97,100
PIM1,PIM1,0.35,90,100
PIM2,PIM2,0.9,100,100
PIM3,PIM3,0.45,100,100
PIP5K1A,PIP5K1A,100,87,100
PIP5K1C,PIP5K1C,15,91,100
PIP5K2B,PIP4K2B,92,68,100
PIP5K2C,PIP4K2C,2.3,76,100
PKAC-alpha,PRKACA,98,100,100
PKAC-beta,PRKACB,100,97,100
PKMYT1,PKMYT1,89,100,100
PKN1,PKN1,10,95,100
PKN2,PKN2,43,100,100
PKNB(M.tuberculosis),pknB,15,96,100
PLK1,PLK1,11,100,100
PLK2,PLK2,31,100,100
PLK3,PLK3,70,100,100
PLK4,PLK4,0,100,100
PRKCD,PRKCD,1.6,77,100
PRKCE,PRKCE,13,80,100
PRKCH,PRKCH,24,100,100
PRKCI,PRKCI,24,91,100
PRKCQ,PRKCQ,0,97,100
PRKD1,PRKD1,44,98,100
PRKD2,PRKD2,7.1,100,100
PRKD3,PRKD3,0.2,100,100
PRKG1,PRKG1,100,98,100
PRKG2,PRKG2,0.1,100,100
PRKR,EIF2AK2,77,100,100
PRKX,PRKX,100,100,100
PRP4,PRPF4B,100,66,100
PYK2,PTK2B,38,100,100
QSK,KIAA0999,15,80,100
RAF1,RAF1,100,100,100
RIOK1,RIOK1,52,100,100
RIOK2,RIOK2,0.3,100,100
RIOK3,RIOK3,58,100,100
RIPK1,RIPK1,99,82,100
RIPK2,RIPK2,36,84,100
RIPK4,RIPK4,1.1,90,100
RIPK5,DSTYK,5.1,100,100
ROCK1,ROCK1,34,100,100
ROCK2,ROCK2,54,94,100
ROS1,ROS1,28,100,100
S6K1,RPS6KB1,0.25,92,100
SBK1,SBK1,100,100,100
SGK,SGK1,1.6,86,100
SgK110,SgK110,100,98,100
SGK2,SGK2,20,82,100
SGK3,SGK3,4.9,100,100
SIK,SIK1,73,100,100
SIK2,SIK2,65,64,100
SLK,SLK,2.4,73,100
SNARK,NUAK2,2.2,99,100
SNRK,SNRK,96,100,100
SRC,SRC,15,100,100
SRMS,SRMS,51,100,100
SRPK1,SRPK1,46,100,100
SRPK2,SRPK2,100,88,100
SRPK3,SRPK3,90,100,100
STK16,STK16,5.2,100,100
STK33,STK33,1,100,100
STK35,STK35,68,100,100
STK36,STK36,69,100,100
STK39,STK39,96,99,100
SYK,SYK,74,100,100
TAK1,MAP3K7,0.5,98,100
TAOK1,TAOK1,0,100,100
TAOK2,TAOK2,0,92,100
TAOK3,TAOK3,0,86,100
TBK1,TBK1,16,81,100
TEC,TEC,98,95,100
TESK1,TESK1,100,97,100
TGFBR1,TGFBR1,99,89,100
TGFBR2,TGFBR2,14,100,100
TIE1,TIE1,58,96,100
TIE2,TEK,75,100,100
TLK1,TLK1,100,100,100
TLK2,TLK2,98,100,100
TNIK,TNIK,0.5,51,100
TNK1,TNK1,100,84,100
TNK2,TNK2,100,100,100
TNNI3K,TNNI3K,0,99,100
TRKA,NTRK1,1.5,20,100
TRKB,NTRK2,1.2,37,100
TRKC,NTRK3,11,44,100
TRPM6,TRPM6,62,100,100
TSSK1B,TSSK1B,89,100,100
TSSK3,TSSK3,79,100,100
TTK,TTK,1.9,100,100
TXK,TXK,11,93,100
TYRO3,TYRO3,76,100,100
ULK1,ULK1,69,97,100
ULK2,ULK2,1.9,84,100
ULK3,ULK3,3.2,94,100
VEGFR2,KDR,6.3,93,100
VPS34,PIK3C3,100,100,100
VRK2,VRK2,7.1,100,100
WEE1,WEE1,100,100,100
WEE2,WEE2,100,100,100
WNK1,WNK1,100,100,100
WNK2,WNK2,90,100,100
WNK3,WNK3,100,100,100
WNK4,WNK4,100,97,100
YANK1,STK32A,92,100,100
YANK2,STK32B,100,100,100
YANK3,STK32C,100,100,100
YES,YES1,73,95,100
YSK1,STK25,18,84,100
YSK4,MAP3K19,0,14,100
ZAK,ZAK,41,97,100
ZAP70,ZAP70,100,100,100
ABL1_mean,ABL1,4.533333333,75.06666667,100
ALK_mean,ALK,15.63333333,98.33333333,100
BRAF_mean,BRAF,25,99.5,100
CDK4_mean,CDK4,16.26666667,99,100
CSF1R_mean,CSF1R,19.5,100,100
EGFR_mean,EGFR,65.16666667,97.16666667,100
FGFR3_mean,FGFR3,97.5,100,100
FLT3_mean,FLT3,9.340909091,26.21818182,100
JAK1_mean,JAK1,34,93.5,100
KIT_mean,KIT,19.58888889,56,100
LRRK2_mean,LRRK2,2.05,82.5,100
MET_mean,MET,35,97.33333333,100
PIK3CA_mean,PIK3CA,16.09,93.8,100
RET_mean,RET,2.1,100,100
RPS6KA4_mean,RPS6KA4,44.5,100,100
RPS6KA5_mean,RPS6KA5,37.2,100,100
RPS6KA1_mean,RPS6KA1,24.3,100,100
RPS6KA3_mean,RPS6KA3,0.95,88.5,100
RPS6KA2_mean,RPS6KA2,33.5,97,100
RPS6KA6_mean,RPS6KA6,0.325,99,100
TYK2_mean,TYK2,50,58.5,100
