DiscoveRx_Name,Name,OTSSP167,STF1285
AAK1,AAK1,6.2,74
ABL1(E255K)-phosphorylated,ABL1,0.05,59
ABL1(F317I)-nonphosphorylated,ABL1,15,99
ABL1(F317I)-phosphorylated,ABL1,7.7,100
ABL1(F317L)-nonphosphorylated,ABL1,40,95
ABL1(F317L)-phosphorylated,ABL1,3.6,100
ABL1(H396P)-nonphosphorylated,ABL1,0.15,25
ABL1(H396P)-phosphorylated,ABL1,0,80
ABL1(M351T)-phosphorylated,ABL1,0.85,89
ABL1(Q252H)-nonphosphorylated,ABL1,0,23
ABL1(Q252H)-phosphorylated,ABL1,0.35,45
ABL1(T315I)-nonphosphorylated,ABL1,0,92
ABL1(T315I)-phosphorylated,ABL1,0.1,100
ABL1(Y253F)-phosphorylated,ABL1,0.15,100
ABL1-nonphosphorylated,ABL1,0,48
ABL1-phosphorylated,ABL1,0.05,71
ABL2,ABL2,72,100
ACVR1,ACVR1,43,100
ACVR1B,ACVR1B,82,100
ACVR2A,ACVR2A,100,100
ACVR2B,ACVR2B,100,96
ACVRL1,ACVRL1,89,100
ADCK3,CABC1,93,98
ADCK4,ADCK4,86,100
AKT1,AKT1,97,100
AKT2,AKT2,89,100
AKT3,AKT3,100,100
ALK,ALK,14,100
ALK(C1156Y),ALK,3.9,95
ALK(L1196M),ALK,29,100
AMPK-alpha1,PRKAA1,46,100
AMPK-alpha2,PRKAA2,69,100
ANKK1,ANKK1,38,93
ARK5,NUAK1,18,100
ASK1,MAP3K5,90,100
ASK2,MAP3K6,34,100
AURKA,AURKA,6.6,90
AURKB,AURKB,0.65,100
AURKC,AURKC,67,100
AXL,AXL,2.5,94
BIKE,BMP2K,61,100
BLK,BLK,0.6,100
BMPR1A,BMPR1A,87,100
BMPR1B,BMPR1B,0,99
BMPR2,BMPR2,53,89
BMX,BMX,49,100
BRAF,BRAF,29,99
BRAF(V600E),BRAF,21,100
BRK,PTK6,100,95
BRSK1,BRSK1,67,100
BRSK2,BRSK2,100,94
BTK,BTK,20,100
BUB1,BUB1,0.05,73
CAMK1,CAMK1,81,100
CAMK1B,PNCK,60,100
CAMK1D,CAMK1D,69,100
CAMK1G,CAMK1G,62,100
CAMK2A,CAMK2A,74,100
CAMK2B,CAMK2B,100,100
CAMK2D,CAMK2D,83,100
CAMK2G,CAMK2G,83,100
CAMK4,CAMK4,100,99
CAMKK1,CAMKK1,1.5,100
CAMKK2,CAMKK2,1.8,100
CASK,CASK,62,100
CDC2L1,CDK11B,16,100
CDC2L2,CDC2L2,11,100
CDC2L5,CDK13,31,96
CDK11,CDK19,100,99
CDK2,CDK2,29,100
CDK3,CDK3,5.7,100
CDK4,CDK4,47,100
CDK4-cyclinD1,CDK4,1.7,97
CDK4-cyclinD3,CDK4,0.1,100
CDK5,CDK5,71,100
CDK7,CDK7,0.05,59
CDK8,CDK8,100,100
CDK9,CDK9,11,100
CDKL1,CDKL1,3.6,91
CDKL2,CDKL2,0.15,100
CDKL3,CDKL3,1.5,100
CDKL5,CDKL5,1.6,100
CHEK1,CHEK1,100,100
CHEK2,CHEK2,2.9,100
CIT,CIT,1.3,93
CLK1,CLK1,1.4,12
CLK2,CLK2,4.3,19
CLK3,CLK3,7.2,84
CLK4,CLK4,0.9,7.7
CSF1R,CSF1R,19,100
CSF1R-autoinhibited,CSF1R,20,100
CSK,CSK,55,100
CSNK1A1,CSNK1A1,6.4,92
CSNK1A1L,CSNK1A1L,100,96
CSNK1D,CSNK1D,65,100
CSNK1E,CSNK1E,100,100
CSNK1G1,CSNK1G1,33,100
CSNK1G2,CSNK1G2,79,100
CSNK1G3,CSNK1G3,88,80
CSNK2A1,CSNK2A1,0.8,92
CSNK2A2,CSNK2A2,0,76
CTK,MATK,42,100
DAPK1,DAPK1,0.1,100
DAPK2,DAPK2,4.1,100
DAPK3,DAPK3,1.8,100
DCAMKL1,DCLK1,40,100
DCAMKL2,DCLK2,91,100
DCAMKL3,DCLK3,0.7,100
DDR1,DDR1,75,100
DDR2,DDR2,13,96
DLK,MAP3K12,5.7,100
DMPK,DMPK,91,100
DMPK2,CDC42BPG,89,100
DRAK1,STK17A,2.3,100
DRAK2,STK17B,1.6,100
DYRK1A,DYRK1A,0,0.1
DYRK1B,DYRK1B,0.75,7.8
DYRK2,DYRK2,0,52
EGFR,EGFR,61,100
EGFR(E746-A750del),EGFR,91,100
EGFR(G719C),EGFR,87,100
EGFR(G719S),EGFR,83,100
"EGFR(L747-E749del, A750P)",EGFR,46,100
"EGFR(L747-S752del, P753S)",EGFR,73,100
"EGFR(L747-T751del,Sins)",EGFR,62,100
EGFR(L858R),EGFR,70,100
"EGFR(L858R,T790M)",EGFR,11,100
EGFR(L861Q),EGFR,87,100
EGFR(S752-I759del),EGFR,78,66
EGFR(T790M),EGFR,33,100
EIF2AK1,EIF2AK1,100,100
EPHA1,EPHA1,32,100
EPHA2,EPHA2,84,100
EPHA3,EPHA3,0.65,97
EPHA4,EPHA4,85,94
EPHA5,EPHA5,63,100
EPHA6,EPHA6,81,100
EPHA7,EPHA7,47,100
EPHA8,EPHA8,66,91
EPHB1,EPHB1,100,100
EPHB2,EPHB2,54,85
EPHB3,EPHB3,96,100
EPHB4,EPHB4,99,100
EPHB6,EPHB6,0,76
ERBB2,ERBB2,100,99
ERBB3,ERBB3,18,86
ERBB4,ERBB4,91,100
ERK1,MAPK3,98,100
ERK2,MAPK1,94,100
ERK3,MAPK6,84,100
ERK4,MAPK4,100,100
ERK5,MAPK7,41,88
ERK8,MAPK15,0.95,83
ERN1,ERN1,20,100
FAK,PTK2,92,100
FER,FER,28,94
FES,FES,93,100
FGFR1,FGFR1,93,100
FGFR2,FGFR2,87,100
FGFR3,FGFR3,95,100
FGFR3(G697C),FGFR3,100,100
FGFR4,FGFR4,100,100
FGR,FGR,34,88
FLT1,FLT1,100,100
FLT3,FLT3,29,30
FLT3(D835H),FLT3,7,74
FLT3(D835V),FLT3,0,0
FLT3(D835Y),FLT3,1.1,17
FLT3(ITD),FLT3,5.6,3.4
"FLT3(ITD,D835V)",FLT3,0.35,0
"FLT3(ITD,F691L)",FLT3,5.6,12
FLT3(K663Q),FLT3,33,51
FLT3(N841I),FLT3,3,10
FLT3(R834Q),FLT3,7.1,34
FLT3-autoinhibited,FLT3,11,57
FLT4,FLT4,43,100
FRK,FRK,90,100
FYN,FYN,52,99
GAK,GAK,1.9,64
"GCN2(Kin.Dom.2,S808G)",EIF2AK4,67,62
GRK1,GRK1,5.5,69
GRK2,ADRBK1,74,100
GRK3,ADRBK2,100,100
GRK4,GRK4,100,73
GRK7,GRK7,0.15,100
GSK3A,GSK3A,5.3,100
GSK3B,GSK3B,1.1,93
HASPIN,GSG2,1.2,0.4
HCK,HCK,3.6,100
HIPK1,HIPK1,0.05,84
HIPK2,HIPK2,0.1,78
HIPK3,HIPK3,0.45,100
HIPK4,HIPK4,5.4,100
HPK1,MAP4K1,28,76
HUNK,HUNK,100,100
ICK,ICK,4.6,100
IGF1R,IGF1R,99,100
IKK-alpha,CHUK,15,100
IKK-beta,IKBKB,22,100
IKK-epsilon,IKBKE,0,98
INSR,INSR,82,100
INSRR,INSRR,91,100
IRAK1,IRAK1,3.1,29
IRAK3,IRAK3,30,26
IRAK4,IRAK4,1.2,42
ITK,ITK,97,100
JAK1(JH1domain-catalytic),JAK1,24,100
JAK1(JH2domain-pseudokinase),JAK1,44,87
JAK2(JH1domain-catalytic),JAK2,0.25,72
JAK3(JH1domain-catalytic),JAK3,0,100
JNK1,MAPK8,0,94
JNK2,MAPK9,5.3,100
JNK3,MAPK10,0.1,100
KIT,KIT,0.4,30
KIT(A829P),KIT,0,63
KIT(D816H),KIT,3.2,29
KIT(D816V),KIT,0.25,37
KIT(L576P),KIT,1.3,37
KIT(V559D),KIT,0.15,12
"KIT(V559D,T670I)",KIT,41,100
"KIT(V559D,V654A)",KIT,85,100
KIT-autoinhibited,KIT,45,96
LATS1,LATS1,87,100
LATS2,LATS2,0,100
LCK,LCK,0.15,99
LIMK1,LIMK1,96,100
LIMK2,LIMK2,99,100
LKB1,STK11,100,100
LOK,STK10,0.05,100
LRRK2,LRRK2,3.2,82
LRRK2(G2019S),LRRK2,0.9,83
LTK,LTK,15,97
LYN,LYN,27,95
LZK,MAP3K13,14,65
MAK,MAK,69,100
MAP3K1,MAP3K1,96,85
MAP3K15,MAP3K15,0.55,100
MAP3K2,MAP3K2,2.3,100
MAP3K3,MAP3K3,0.05,100
MAP3K4,MAP3K4,97,100
MAP4K2,MAP4K2,0,19
MAP4K3,MAP4K3,31,97
MAP4K4,MAP4K4,25,78
MAP4K5,MAP4K5,12,100
MAPKAPK2,MAPKAPK2,41,99
MAPKAPK5,MAPKAPK5,92,100
MARK1,MARK1,87,97
MARK2,MARK2,26,97
MARK3,MARK3,75,100
MARK4,MARK4,99,92
MAST1,MAST1,0,100
MEK1,MAP2K1,1.7,100
MEK2,MAP2K2,1.7,96
MEK3,MAP2K3,1.3,100
MEK4,MAP2K4,16,100
MEK5,MAP2K5,0,1.9
MEK6,MAP2K6,24,98
MELK,MELK,6.2,60
MERTK,MERTK,14,100
MET,MET,44,100
MET(M1250T),MET,26,100
MET(Y1235D),MET,35,92
MINK,MINK1,3.1,46
MKK7,MAP2K7,0.15,100
MKNK1,MKNK1,92,98
MKNK2,MKNK2,71,82
MLCK,MYLK3,66,100
MLK1,MAP3K9,49,100
MLK2,MAP3K10,49,100
MLK3,MAP3K11,13,100
MRCKA,CDC42BPA,93,100
MRCKB,CDC42BPB,92,100
MST1,STK4,20,100
MST1R,MST1R,50,100
MST2,STK3,9.7,88
MST3,STK24,15,100
MST4,MST4,8.6,100
MTOR,MTOR,36,96
MUSK,MUSK,96,100
MYLK,MYLK,0,90
MYLK2,MYLK2,86,100
MYLK4,MYLK4,24,100
MYO3A,MYO3A,76,100
MYO3B,MYO3B,84,100
NDR1,STK38,57,85
NDR2,STK38L,63,94
NEK1,NEK1,100,100
NEK10,NEK10,46,100
NEK11,NEK11,100,100
NEK2,NEK2,99,81
NEK3,NEK3,96,55
NEK4,NEK4,100,100
NEK5,NEK5,90,100
NEK6,NEK6,93,100
NEK7,NEK7,99,96
NEK9,NEK9,100,100
NIK,MAP3K14,100,100
NIM1,MGC42105,100,96
NLK,NLK,7.8,99
OSR1,OXSR1,95,100
p38-alpha,MAPK14,85,95
p38-beta,MAPK11,84,100
p38-delta,MAPK13,86,100
p38-gamma,MAPK12,0,100
PAK1,PAK1,86,99
PAK2,PAK2,50,84
PAK3,PAK3,7.8,95
PAK4,PAK4,4.3,84
PAK6,PAK6,54,100
PAK7,PAK7,8.2,70
PCTK1,CDK16,0.2,98
PCTK2,CDK17,24,100
PCTK3,CDK18,43,100
PDGFRA,PDGFRA,0.15,18
PDGFRB,PDGFRB,0.05,25
PDPK1,PDPK1,53,100
PFCDPK1(P.falciparum),CDPK1,0,96
PFPK5(P.falciparum),MAL13P1.279,100,99
PFTAIRE2,CDK15,42,100
PFTK1,CDK14,49,100
PHKG1,PHKG1,4.9,86
PHKG2,PHKG2,4.9,89
PIK3C2B,PIK3C2B,0.45,100
PIK3C2G,PIK3C2G,0.1,75
PIK3CA,PIK3CA,16,100
PIK3CA(C420R),PIK3CA,20,99
PIK3CA(E542K),PIK3CA,23,100
PIK3CA(E545A),PIK3CA,19,84
PIK3CA(E545K),PIK3CA,17,74
PIK3CA(H1047L),PIK3CA,3.3,81
PIK3CA(H1047Y),PIK3CA,20,100
PIK3CA(I800L),PIK3CA,6.6,100
PIK3CA(M1043I),PIK3CA,18,100
PIK3CA(Q546K),PIK3CA,18,100
PIK3CB,PIK3CB,1.6,100
PIK3CD,PIK3CD,31,82
PIK3CG,PIK3CG,0.85,97
PIK4CB,PI4KB,0,100
PIKFYVE,PIKFYVE,15,97
PIM1,PIM1,0.35,90
PIM2,PIM2,0.9,100
PIM3,PIM3,0.45,100
PIP5K1A,PIP5K1A,100,87
PIP5K1C,PIP5K1C,15,91
PIP5K2B,PIP4K2B,92,68
PIP5K2C,PIP4K2C,2.3,76
PKAC-alpha,PRKACA,98,100
PKAC-beta,PRKACB,100,97
PKMYT1,PKMYT1,89,100
PKN1,PKN1,10,95
PKN2,PKN2,43,100
PKNB(M.tuberculosis),pknB,15,96
PLK1,PLK1,11,100
PLK2,PLK2,31,100
PLK3,PLK3,70,100
PLK4,PLK4,0,100
PRKCD,PRKCD,1.6,77
PRKCE,PRKCE,13,80
PRKCH,PRKCH,24,100
PRKCI,PRKCI,24,91
PRKCQ,PRKCQ,0,97
PRKD1,PRKD1,44,98
PRKD2,PRKD2,7.1,100
PRKD3,PRKD3,0.2,100
PRKG1,PRKG1,100,98
PRKG2,PRKG2,0.1,100
PRKR,EIF2AK2,77,100
PRKX,PRKX,100,100
PRP4,PRPF4B,100,66
PYK2,PTK2B,38,100
QSK,KIAA0999,15,80
RAF1,RAF1,100,100
RET,RET,2.2,100
RET(M918T),RET,2.7,100
RET(V804L),RET,1.5,100
RET(V804M),RET,2,100
RIOK1,RIOK1,52,100
RIOK2,RIOK2,0.3,100
RIOK3,RIOK3,58,100
RIPK1,RIPK1,99,82
RIPK2,RIPK2,36,84
RIPK4,RIPK4,1.1,90
RIPK5,DSTYK,5.1,100
ROCK1,ROCK1,34,100
ROCK2,ROCK2,54,94
ROS1,ROS1,28,100
RPS6KA4(Kin.Dom.1-N-terminal),RPS6KA4,89,100
RPS6KA4(Kin.Dom.2-C-terminal),RPS6KA4,0,100
RPS6KA5(Kin.Dom.1-N-terminal),RPS6KA5,73,100
RPS6KA5(Kin.Dom.2-C-terminal),RPS6KA5,1.4,100
RSK1(Kin.Dom.1-N-terminal),RPS6KA1,47,100
RSK1(Kin.Dom.2-C-terminal),RPS6KA1,1.6,100
RSK2(Kin.Dom.1-N-terminal),RPS6KA3,0.6,78
RSK2(Kin.Dom.2-C-terminal),RPS6KA3,1.3,99
RSK3(Kin.Dom.1-N-terminal),RPS6KA2,32,94
RSK3(Kin.Dom.2-C-terminal),RPS6KA2,35,100
RSK4(Kin.Dom.1-N-terminal),RPS6KA6,0.65,98
RSK4(Kin.Dom.2-C-terminal),RPS6KA6,0,100
S6K1,RPS6KB1,0.25,92
SBK1,SBK1,100,100
SGK,SGK1,1.6,86
SgK110,SgK110,100,98
SGK2,SGK2,20,82
SGK3,SGK3,4.9,100
SIK,SIK1,73,100
SIK2,SIK2,65,64
SLK,SLK,2.4,73
SNARK,NUAK2,2.2,99
SNRK,SNRK,96,100
SRC,SRC,15,100
SRMS,SRMS,51,100
SRPK1,SRPK1,46,100
SRPK2,SRPK2,100,88
SRPK3,SRPK3,90,100
STK16,STK16,5.2,100
STK33,STK33,1,100
STK35,STK35,68,100
STK36,STK36,69,100
STK39,STK39,96,99
SYK,SYK,74,100
TAK1,MAP3K7,0.5,98
TAOK1,TAOK1,0,100
TAOK2,TAOK2,0,92
TAOK3,TAOK3,0,86
TBK1,TBK1,16,81
TEC,TEC,98,95
TESK1,TESK1,100,97
TGFBR1,TGFBR1,99,89
TGFBR2,TGFBR2,14,100
TIE1,TIE1,58,96
TIE2,TEK,75,100
TLK1,TLK1,100,100
TLK2,TLK2,98,100
TNIK,TNIK,0.5,51
TNK1,TNK1,100,84
TNK2,TNK2,100,100
TNNI3K,TNNI3K,0,99
TRKA,NTRK1,1.5,20
TRKB,NTRK2,1.2,37
TRKC,NTRK3,11,44
TRPM6,TRPM6,62,100
TSSK1B,TSSK1B,89,100
TSSK3,TSSK3,79,100
TTK,TTK,1.9,100
TXK,TXK,11,93
TYK2(JH1domain-catalytic),TYK2,0,53
TYK2(JH2domain-pseudokinase),TYK2,100,64
TYRO3,TYRO3,76,100
ULK1,ULK1,69,97
ULK2,ULK2,1.9,84
ULK3,ULK3,3.2,94
VEGFR2,KDR,6.3,93
VPS34,PIK3C3,100,100
VRK2,VRK2,7.1,100
WEE1,WEE1,100,100
WEE2,WEE2,100,100
WNK1,WNK1,100,100
WNK2,WNK2,90,100
WNK3,WNK3,100,100
WNK4,WNK4,100,97
YANK1,STK32A,92,100
YANK2,STK32B,100,100
YANK3,STK32C,100,100
YES,YES1,73,95
YSK1,STK25,18,84
YSK4,MAP3K19,0,14
ZAK,ZAK,41,97
ZAP70,ZAP70,100,100
